<?xml version="1.0" encoding="UTF-8"?>
<project-private xmlns="http://www.netbeans.org/ns/project-private/1">
    <editor-bookmarks xmlns="http://www.netbeans.org/ns/editor-bookmarks/2" lastBookmarkId="0"/>
    <open-files xmlns="http://www.netbeans.org/ns/projectui-open-files/2">
        <group>
            <file>file:/C:/Users/User/OneDrive/Documents/NetBeansProjects/StudentManagemntSystem_1/src/SDRstu.java</file>
            <file>file:/C:/Users/User/OneDrive/Documents/NetBeansProjects/StudentManagemntSystem_1/src/StudentResult.java</file>
            <file>file:/C:/Users/User/OneDrive/Documents/NetBeansProjects/StudentManagemntSystem_1/src/MainMenu.java</file>
            <file>file:/C:/Users/User/OneDrive/Documents/NetBeansProjects/StudentManagemntSystem_1/src/AddStu.java</file>
            <file>file:/C:/Users/User/OneDrive/Documents/NetBeansProjects/StudentManagemntSystem_1/src/PrintRprt.java</file>
            <file>file:/C:/Users/User/OneDrive/Documents/NetBeansProjects/StudentManagemntSystem_1/src/EditStu.java</file>
            <file>file:/C:/Users/User/OneDrive/Documents/NetBeansProjects/StudentManagemntSystem_1/src/login.java</file>
            <file>file:/C:/Users/User/OneDrive/Documents/NetBeansProjects/StudentManagemntSystem_1/src/StudentPay.java</file>
        </group>
    </open-files>
</project-private>
